frame,realtime_seconds,physics_ticks,episode_seconds,speed_mps
0,2.55820441,7,0.119999953,1.58826709
1,2.60660052,10,0.179999933,2.25763679
2,2.67477584,13,0.2399999,2.91618729
3,2.7253828,16,0.2999999,3.56830668
4,2.791255,19,0.359999865,4.21353245
5,2.85819674,22,0.419999838,4.84853
6,2.907388,25,0.4799998,5.47561026
7,2.9567802,27,0.5199998,5.891638
8,3.02588129,31,0.5999998,6.71330166
9,3.09097219,34,0.6599997,7.316584
10,3.158021,37,0.719999731,7.92015839
11,3.22723317,41,0.7999997,8.717012
12,3.2914722,44,0.859999657,9.301091
13,3.35817647,47,0.919999659,9.890018
14,3.428398,51,0.9999996,10.6708927
15,3.49254847,54,1.05999959,11.2441149
16,3.5601,57,1.11999953,11.8215561
17,3.62611222,61,1.19999957,12.58743
18,3.69497728,64,1.25999951,13.1506872
19,3.74143672,66,1.29999948,13.5275106
20,3.79246926,69,1.35999942,14.09469
21,3.85776353,72,1.41999948,14.65415
22,3.92455435,76,1.4999994,15.3925085
23,3.99166,79,1.55999935,15.94513
24,4.05878258,82,1.61999941,16.48918
25,4.10863447,85,1.67999935,17.0264816
26,4.17531729,88,1.73999929,17.5605221
27,4.22513437,91,1.79999924,18.0892315
28,4.292049,94,1.8599993,18.6119938
29,4.35800838,97,1.91999924,19.1280689
30,4.40489244,100,1.97999918,19.6385212
31,4.470758,103,2.03999925,20.13123
32,4.52173567,106,2.09999919,20.61399
33,4.588556,109,2.15999913,21.0816784
34,4.63875437,111,2.199999,21.3852863
35,4.689829,114,2.259999,21.8285751
36,4.757716,117,2.319999,22.2315464
37,4.81101847,120,2.37999916,22.612608
38,4.85856152,122,2.41999912,22.80684
39,4.92574263,126,2.499999,23.0643654
40,4.99071932,129,2.559999,22.9690418
41,5.059166,132,2.619999,22.7854576
42,5.10637,135,2.67999887,22.5593262
43,5.17277956,138,2.73999882,22.0078583
44,5.224211,141,2.799999,21.4681816
45,5.28968573,144,2.859999,20.9472065
46,5.337675,146,2.899999,20.6933537
47,5.40490055,150,2.97999883,20.3711929
48,5.45575,152,3.01999879,20.2384281
49,5.52519274,156,3.09999871,20.0707836
50,5.59099627,159,3.15999866,20.1666279
51,5.65817165,162,3.21999884,20.3931236
52,5.707992,165,3.27999878,20.6797256
53,5.775656,168,3.33999872,21.1278877
54,5.82603264,171,3.39999866,21.5707188
55,5.89131927,174,3.45999861,22.0139256
56,5.93877363,176,3.49999857,22.2931252
57,5.99279356,179,3.55999851,22.6841869
58,6.04074574,182,3.61999846,23.03722
59,6.10504341,185,3.67999864,23.3495216
60,6.173321,188,3.73999858,23.6184959
61,6.224767,191,3.79999852,23.8391228
62,6.290973,194,3.85999846,24.0046654
63,6.35729456,197,3.91999841,24.1104927
64,6.40725946,200,3.97999835,24.173748
65,6.47472048,203,4.03999853,24.173811
66,6.525405,206,4.09999847,24.1530075
67,6.592699,209,4.15999842,24.1359634
68,6.64059734,211,4.19999838,24.130518
69,6.707888,215,4.2799983,24.1630821
70,6.75745773,217,4.31999826,24.2110157
71,6.80683,220,4.379998,24.3302288
72,6.85770035,222,4.419998,24.4483223
73,6.925941,226,4.499998,24.76991
74,6.99123764,229,4.559998,25.0863266
75,7.05823326,232,4.619998,25.4534245
76,7.127165,236,4.69999838,26.00289
77,7.19121838,239,4.75999832,26.43745
78,7.257639,242,4.81999826,26.754921
79,7.307614,245,4.879998,27.0079136
80,7.376383,248,4.939998,27.123127
81,7.425995,251,4.999998,27.19899
82,7.49090958,254,5.059998,27.2048836
83,7.55766344,257,5.119998,27.1723576
84,7.60727644,260,5.179998,27.1220379
85,7.65675545,262,5.219998,27.0802441
86,7.72609949,266,5.299998,26.99494
87,7.79125452,269,5.35999775,26.9206543
88,7.857828,272,5.41999769,26.8505821
89,7.907187,275,5.47999763,26.78395
90,7.95667839,277,5.5199976,26.7510071
91,8.026664,281,5.599998,26.692831
92,8.091337,284,5.659998,26.6624451
93,8.157989,287,5.719998,26.5946236
94,8.206045,290,5.779998,26.5084648
95,8.254267,292,5.819998,26.3653584
96,8.304624,295,5.87999773,26.1522465
97,8.35422,297,5.91999769,25.8927326
98,8.422609,301,5.99999762,25.3373966
99,8.48902,304,6.05999756,24.8342381
100,8.56007,307,6.1199975,24.9718189
101,8.604462,310,6.17999744,25.4222031
102,8.654942,312,6.21999741,25.7173939
103,8.724632,316,6.29999733,25.9099789
104,8.789745,319,6.35999727,25.1961536
105,8.840865,322,6.41999769,24.42068
106,8.907801,325,6.47999763,23.62373
107,8.974675,328,6.53999758,24.04219
108,9.02570152,331,6.59999752,24.4532413
109,9.091275,334,6.65999746,24.84674
110,9.158392,337,6.71999741,25.20387
111,9.207853,340,6.77999735,25.52233
112,9.256731,342,6.81999731,24.9927521
113,9.325885,346,6.899997,23.908535
114,9.391595,349,6.959997,23.07082
115,9.457301,352,7.019997,23.004015
116,9.506929,355,7.079997,23.3170757
117,9.573519,358,7.139997,23.6114082
118,9.627183,361,7.199997,23.5533466
119,9.691308,364,7.25999737,22.8030224
120,9.757721,367,7.31999731,22.7664013
121,9.827297,371,7.399997,23.1798344
122,9.892172,374,7.459997,23.4723454
123,9.957713,377,7.519997,23.75946
124,10.0266838,381,7.599997,24.0237026
125,10.0922556,384,7.659997,23.9721088
126,10.1409464,386,7.699997,23.9520435
127,10.2041416,390,7.779997,23.9400177
128,10.270874,393,7.839997,23.9474983
129,10.3238325,396,7.89999676,23.9630241
130,10.3879519,399,7.9599967,23.989727
131,10.4540424,402,8.019997,24.0259476
132,10.504838,405,8.079997,24.0761585
133,10.5569553,407,8.119997,24.1034184
134,10.6415939,411,8.199997,24.1648235
135,10.6990137,414,8.259996,24.191864
136,10.7531919,417,8.319997,24.2265377
137,10.8213882,421,8.399997,24.29108
138,10.8875895,424,8.459996,24.3685017
139,11.4853325,426,8.499996,24.4262733
140,11.5806026,442,8.819997,24.9425621
141,11.6415615,446,8.899997,24.95063
142,11.6888,449,8.959996,24.84736
143,11.7547836,452,9.019997,24.62702
144,11.82256,456,9.099997,24.1158047
145,11.8875,459,9.159996,23.4169025
146,11.9542236,462,9.219996,22.85947
147,12.0048723,465,9.279996,22.3713989
148,12.0722561,468,9.339996,22.2871361
149,12.1244993,471,9.399997,22.3459721
150,12.1897554,474,9.459996,22.699461
151,12.2552633,477,9.519997,22.9295425
152,12.3079815,480,9.579996,23.1017113
153,12.3708858,483,9.639997,22.9377632
154,12.4237127,486,9.699996,22.7029819
155,12.4886026,489,9.759996,22.3128357
156,12.53764,491,9.799996,22.18137
157,12.587534,494,9.859996,22.1706734
158,12.6552277,497,9.919996,22.38683
159,12.7251863,501,9.999996,22.841898
160,12.7876539,504,10.0599957,23.23563
161,12.85428,507,10.1199961,23.60303
162,12.9045439,510,10.1799955,23.93595
163,12.9542875,512,10.2199955,24.1256943
164,13.0227623,516,10.2999964,24.4406376
165,13.0925646,519,10.3599958,24.62411
166,13.1544428,522,10.4199963,24.75904
167,13.2083073,525,10.4799957,24.8449078
168,13.2717094,528,10.5399961,24.92394
169,13.3225222,531,10.5999956,24.9870281
170,13.38864,534,10.659996,25.0595665
171,13.4575043,537,10.7199955,25.16221
172,13.5229921,541,10.7999954,25.3704967
173,13.5875444,544,10.8599958,25.5901279
174,13.6559439,547,10.9199953,25.8636475
175,13.7253094,551,10.9999952,26.2974663
176,13.7879648,554,11.0599957,26.64614
177,13.8558111,557,11.1199961,26.9554539
178,13.9063139,560,11.1799955,27.2431755
179,13.9561033,562,11.2199955,27.387064
180,14.0254364,566,11.2999954,27.64956
181,14.0908661,569,11.3599958,27.7744236
182,14.1551657,572,11.4199953,27.831625
183,14.22341,576,11.4999952,27.8635178
184,14.2886162,579,11.5599957,27.8839436
185,14.3547583,582,11.6199951,27.7530727
186,14.4242868,586,11.699995,27.4316521
187,14.4892149,589,11.7599955,27.08329
188,14.5566387,592,11.8199949,26.6328735
189,14.6064959,595,11.8799953,26.1340733
190,14.65645,597,11.9199953,25.7128525
191,14.7255239,601,11.9999952,25.2388649
192,14.7901707,604,12.0599957,25.6955528
193,14.8567686,607,12.1199951,26.1489468
194,14.907259,610,12.1799955,26.59243
195,14.9742622,613,12.239995,27.0101681
196,15.0301838,616,12.2999954,27.3899422
197,15.0909042,619,12.3599949,27.7152519
198,15.1652594,622,12.4199953,27.4047432
199,15.2134552,625,12.4799948,26.7757225
200,15.2593651,627,12.5199947,26.5993729
201,15.3086166,630,12.5799952,26.3302765
202,15.3745728,633,12.6399946,26.0599728
203,15.4263639,636,12.699995,25.7857056
204,15.4871683,639,12.7599945,25.51001
205,15.554574,642,12.8199949,25.26777
206,15.6241827,646,12.8999949,25.0115089
207,15.69108,649,12.9599953,24.8974972
208,15.7603693,652,13.0199947,24.7892666
209,15.8251143,656,13.0999947,24.6601639
210,15.8909369,659,13.1599951,24.5578365
211,15.9573517,662,13.2199945,24.5236282
212,16.0074081,665,13.279995,24.5242443
213,16.0739746,668,13.3399944,24.561964
214,16.1269054,671,13.3999949,24.61144
215,16.1901836,674,13.4599943,24.6830444
216,16.2574234,677,13.5199947,24.7604561
217,16.3267574,681,13.5999947,24.8703346
218,16.3908653,684,13.6599951,24.9601936
219,16.4386215,686,13.699995,25.0181656
220,16.4878731,689,13.7599945,25.102169
221,16.5549049,692,13.8199949,25.188139
222,16.6244221,696,13.8999949,25.2991123
223,16.6883488,699,13.9599943,25.3717518
224,16.75636,702,14.0199947,25.4469242
225,16.806551,705,14.0799942,25.5230751
226,16.8734684,708,14.1399946,25.579567
227,16.9260445,711,14.1999941,25.638504
228,16.9879761,714,14.2599945,25.7028637
229,17.05452,717,14.319994,25.7386665
230,17.1270714,721,14.3999939,25.7222233
231,17.1919346,724,14.4599943,25.6090012
232,17.2587,727,14.5199947,25.3971519
233,17.32739,731,14.5999947,24.88217
234,17.3929539,734,14.6599941,24.1209145
235,17.4574642,737,14.7199945,23.4739952
236,17.5268078,741,14.7999945,22.8052826
237,17.5912323,744,14.8599939,22.5625916
238,17.65784,747,14.9199944,22.5852032
239,17.727623,751,14.9999943,22.8594036
240,17.7912025,754,15.0599937,23.24883
241,17.85809,757,15.1199942,23.6057053
242,17.9276333,761,15.1999941,24.05314
243,17.9913578,764,15.2599936,24.37107
244,18.0594234,767,15.319994,24.6040573
245,18.1045418,770,15.3799944,24.8071823
246,18.1546669,772,15.4199944,24.4452572
247,18.223505,776,15.4999943,23.7658081
248,18.2900314,779,15.5599937,23.321104
249,18.3583279,782,15.6199942,23.07164
250,18.4068756,785,15.6799936,22.9107971
251,18.4560814,787,15.7199936,23.01962
252,18.52616,791,15.7999935,23.2872162
253,18.5905056,794,15.8599939,23.6484852
254,18.6574287,797,15.9199934,23.9930134
255,18.7269611,801,15.9999933,24.4523335
256,18.790556,804,16.0599937,24.8128
257,18.8572254,807,16.1199932,25.1928387
258,18.9071083,810,16.1799927,25.5964184
259,18.97401,813,16.239994,26.01253
260,19.0251236,816,16.2999935,26.4403839
261,19.0903034,819,16.359993,26.8646011
262,19.1559582,822,16.4199944,26.7903614
263,19.2256222,826,16.4999943,26.37944
264,19.29063,829,16.5599937,26.1268559
265,19.3475761,2,0.0199999921,0
