step,start_m,episode,return_,length,estimated_seconds,interrupted,reward_inferred_finish,mean_forward_mps,peak_steering,peak_applied_degrees
12210,0,0,4.648179661700851,164,16.400000000000002,False,True,22.19794750213623,0.8997417092323303,10.356032609939575
12210,0,1,4.342836996162077,151,15.100000000000001,False,True,22.106526374816895,0.884952187538147,10.777892291545868
12210,0,2,3.8263719453971134,127,12.700000000000001,False,True,22.241270542144775,0.8802940845489502,10.53512305021286
12210,0,3,3.2696967147203395,107,10.700000000000001,False,True,21.06011152267456,0.8918138146400452,10.967339396476746
12210,0,4,2.4586369166063378,73,7.300000000000001,False,True,19.724069595336914,0.8706188797950745,10.251709997653961
12210,0,5,1.7341378739656648,44,4.4,False,True,16.204878330230713,0.8157286047935486,10.6524498462677
12210,0,6,4.917753050322062,169,16.900000000000002,False,True,23.000000953674316,0.952537477016449,10.760077595710754
12210,0,7,4.730429584189551,166,16.6,False,True,22.422871112823486,0.9404793381690979,12.839414715766907
12210,0,8,3.7625850199110573,123,12.3,False,True,22.431678771972656,0.8394581079483032,10.289738416671753
12210,0,9,3.277526373480214,105,10.5,False,True,21.38602066040039,0.824348509311676,10.860331237316132
12210,0,10,2.3239452742564026,67,6.7,False,True,19.437912940979004,0.7394280433654785,10.24424934387207
12210,0,11,1.650111502764048,41,4.1000000000000005,False,True,15.480903625488281,0.9240723848342896,9.95994919538498
12210,0,12,4.552342742899782,158,15.8,False,True,22.408364295959473,0.919202446937561,11.009613156318665
12210,0,13,4.285350302656298,146,14.600000000000001,False,True,22.333694458007812,0.9284442067146301,10.920583605766296
12210,0,14,3.4321794563147705,111,11.100000000000001,False,True,21.713936805725098,0.92207932472229,10.201542854309082
12210,0,15,2.7939358719158918,86,8.6,False,True,20.545598030090332,0.8999943137168884,10.456621289253235
12210,0,16,2.224100444916985,63,6.300000000000001,False,True,19.291341304779053,0.9108600616455078,10.328716218471527
12210,0,17,1.5071827387582744,36,3.6,False,True,13.989505290985107,0.794776439666748,8.421357035636902
